recipient_id,question_id,question,definition1,definition2,definition3,definition4,definition5,definition6,definition7,definition8,answer
1,prepost38,What institution do you attend? - Selected Choice.,University of Nebraska-Lincoln,University of Nebraska-Omaha,University of Nebraska-Kearney,Other,NULL,NULL,NULL,NULL,1
5,prepost38,What institution do you attend? - Selected Choice.,University of Nebraska-Lincoln,University of Nebraska-Omaha,University of Nebraska-Kearney,Other,NULL,NULL,NULL,NULL,1
6,prepost38,What institution do you attend? - Selected Choice.,University of Nebraska-Lincoln,University of Nebraska-Omaha,University of Nebraska-Kearney,Other,NULL,NULL,NULL,NULL,1
14,prepost38,What institution do you attend? - Selected Choice.,University of Nebraska-Lincoln,University of Nebraska-Omaha,University of Nebraska-Kearney,Other,NULL,NULL,NULL,NULL,1
15,prepost38,What institution do you attend? - Selected Choice.,University of Nebraska-Lincoln,University of Nebraska-Omaha,University of Nebraska-Kearney,Other,NULL,NULL,NULL,NULL,1
20,prepost38,What institution do you attend? - Selected Choice.,University of Nebraska-Lincoln,University of Nebraska-Omaha,University of Nebraska-Kearney,Other,NULL,NULL,NULL,NULL,1
23,prepost38,What institution do you attend? - Selected Choice.,University of Nebraska-Lincoln,University of Nebraska-Omaha,University of Nebraska-Kearney,Other,NULL,NULL,NULL,NULL,1
24,prepost38,What institution do you attend? - Selected Choice.,University of Nebraska-Lincoln,University of Nebraska-Omaha,University of Nebraska-Kearney,Other,NULL,NULL,NULL,NULL,1
25,prepost38,What institution do you attend? - Selected Choice.,University of Nebraska-Lincoln,University of Nebraska-Omaha,University of Nebraska-Kearney,Other,NULL,NULL,NULL,NULL,1
26,prepost38,What institution do you attend? - Selected Choice.,University of Nebraska-Lincoln,University of Nebraska-Omaha,University of Nebraska-Kearney,Other,NULL,NULL,NULL,NULL,1
28,prepost38,What institution do you attend? - Selected Choice.,University of Nebraska-Lincoln,University of Nebraska-Omaha,University of Nebraska-Kearney,Other,NULL,NULL,NULL,NULL,1
30,prepost38,What institution do you attend? - Selected Choice.,University of Nebraska-Lincoln,University of Nebraska-Omaha,University of Nebraska-Kearney,Other,NULL,NULL,NULL,NULL,1
31,prepost38,What institution do you attend? - Selected Choice.,University of Nebraska-Lincoln,University of Nebraska-Omaha,University of Nebraska-Kearney,Other,NULL,NULL,NULL,NULL,1
32,prepost38,What institution do you attend? - Selected Choice.,University of Nebraska-Lincoln,University of Nebraska-Omaha,University of Nebraska-Kearney,Other,NULL,NULL,NULL,NULL,1
33,prepost38,What institution do you attend? - Selected Choice.,University of Nebraska-Lincoln,University of Nebraska-Omaha,University of Nebraska-Kearney,Other,NULL,NULL,NULL,NULL,1
34,prepost38,What institution do you attend? - Selected Choice.,University of Nebraska-Lincoln,University of Nebraska-Omaha,University of Nebraska-Kearney,Other,NULL,NULL,NULL,NULL,1
40,prepost38,What institution do you attend? - Selected Choice.,University of Nebraska-Lincoln,University of Nebraska-Omaha,University of Nebraska-Kearney,Other,NULL,NULL,NULL,NULL,1
43,prepost38,What institution do you attend? - Selected Choice.,University of Nebraska-Lincoln,University of Nebraska-Omaha,University of Nebraska-Kearney,Other,NULL,NULL,NULL,NULL,1
44,prepost38,What institution do you attend? - Selected Choice.,University of Nebraska-Lincoln,University of Nebraska-Omaha,University of Nebraska-Kearney,Other,NULL,NULL,NULL,NULL,1
45,prepost38,What institution do you attend? - Selected Choice.,University of Nebraska-Lincoln,University of Nebraska-Omaha,University of Nebraska-Kearney,Other,NULL,NULL,NULL,NULL,1
46,prepost38,What institution do you attend? - Selected Choice.,University of Nebraska-Lincoln,University of Nebraska-Omaha,University of Nebraska-Kearney,Other,NULL,NULL,NULL,NULL,1
47,prepost38,What institution do you attend? - Selected Choice.,University of Nebraska-Lincoln,University of Nebraska-Omaha,University of Nebraska-Kearney,Other,NULL,NULL,NULL,NULL,1
51,prepost38,What institution do you attend? - Selected Choice.,University of Nebraska-Lincoln,University of Nebraska-Omaha,University of Nebraska-Kearney,Other,NULL,NULL,NULL,NULL,1
52,prepost38,What institution do you attend? - Selected Choice.,University of Nebraska-Lincoln,University of Nebraska-Omaha,University of Nebraska-Kearney,Other,NULL,NULL,NULL,NULL,1
54,prepost38,What institution do you attend? - Selected Choice.,University of Nebraska-Lincoln,University of Nebraska-Omaha,University of Nebraska-Kearney,Other,NULL,NULL,NULL,NULL,1
55,prepost38,What institution do you attend? - Selected Choice.,University of Nebraska-Lincoln,University of Nebraska-Omaha,University of Nebraska-Kearney,Other,NULL,NULL,NULL,NULL,1
57,prepost38,What institution do you attend? - Selected Choice.,University of Nebraska-Lincoln,University of Nebraska-Omaha,University of Nebraska-Kearney,Other,NULL,NULL,NULL,NULL,1
58,prepost38,What institution do you attend? - Selected Choice.,University of Nebraska-Lincoln,University of Nebraska-Omaha,University of Nebraska-Kearney,Other,NULL,NULL,NULL,NULL,1
60,prepost38,What institution do you attend? - Selected Choice.,University of Nebraska-Lincoln,University of Nebraska-Omaha,University of Nebraska-Kearney,Other,NULL,NULL,NULL,NULL,1
63,prepost38,What institution do you attend? - Selected Choice.,University of Nebraska-Lincoln,University of Nebraska-Omaha,University of Nebraska-Kearney,Other,NULL,NULL,NULL,NULL,1
64,prepost38,What institution do you attend? - Selected Choice.,University of Nebraska-Lincoln,University of Nebraska-Omaha,University of Nebraska-Kearney,Other,NULL,NULL,NULL,NULL,1
65,prepost38,What institution do you attend? - Selected Choice.,University of Nebraska-Lincoln,University of Nebraska-Omaha,University of Nebraska-Kearney,Other,NULL,NULL,NULL,NULL,1
66,prepost38,What institution do you attend? - Selected Choice.,University of Nebraska-Lincoln,University of Nebraska-Omaha,University of Nebraska-Kearney,Other,NULL,NULL,NULL,NULL,1
68,prepost38,What institution do you attend? - Selected Choice.,University of Nebraska-Lincoln,University of Nebraska-Omaha,University of Nebraska-Kearney,Other,NULL,NULL,NULL,NULL,1
71,prepost38,What institution do you attend? - Selected Choice.,University of Nebraska-Lincoln,University of Nebraska-Omaha,University of Nebraska-Kearney,Other,NULL,NULL,NULL,NULL,1
72,prepost38,What institution do you attend? - Selected Choice.,University of Nebraska-Lincoln,University of Nebraska-Omaha,University of Nebraska-Kearney,Other,NULL,NULL,NULL,NULL,1
74,prepost38,What institution do you attend? - Selected Choice.,University of Nebraska-Lincoln,University of Nebraska-Omaha,University of Nebraska-Kearney,Other,NULL,NULL,NULL,NULL,1
78,prepost38,What institution do you attend? - Selected Choice.,University of Nebraska-Lincoln,University of Nebraska-Omaha,University of Nebraska-Kearney,Other,NULL,NULL,NULL,NULL,1
81,prepost38,What institution do you attend? - Selected Choice.,University of Nebraska-Lincoln,University of Nebraska-Omaha,University of Nebraska-Kearney,Other,NULL,NULL,NULL,NULL,1
82,prepost38,What institution do you attend? - Selected Choice.,University of Nebraska-Lincoln,University of Nebraska-Omaha,University of Nebraska-Kearney,Other,NULL,NULL,NULL,NULL,1
83,prepost38,What institution do you attend? - Selected Choice.,University of Nebraska-Lincoln,University of Nebraska-Omaha,University of Nebraska-Kearney,Other,NULL,NULL,NULL,NULL,1
84,prepost38,What institution do you attend? - Selected Choice.,University of Nebraska-Lincoln,University of Nebraska-Omaha,University of Nebraska-Kearney,Other,NULL,NULL,NULL,NULL,1
85,prepost38,What institution do you attend? - Selected Choice.,University of Nebraska-Lincoln,University of Nebraska-Omaha,University of Nebraska-Kearney,Other,NULL,NULL,NULL,NULL,1
87,prepost38,What institution do you attend? - Selected Choice.,University of Nebraska-Lincoln,University of Nebraska-Omaha,University of Nebraska-Kearney,Other,NULL,NULL,NULL,NULL,1
88,prepost38,What institution do you attend? - Selected Choice.,University of Nebraska-Lincoln,University of Nebraska-Omaha,University of Nebraska-Kearney,Other,NULL,NULL,NULL,NULL,1
89,prepost38,What institution do you attend? - Selected Choice.,University of Nebraska-Lincoln,University of Nebraska-Omaha,University of Nebraska-Kearney,Other,NULL,NULL,NULL,NULL,1
103,prepost38,What institution do you attend? - Selected Choice.,University of Nebraska-Lincoln,University of Nebraska-Omaha,University of Nebraska-Kearney,Other,NULL,NULL,NULL,NULL,1
108,prepost38,What institution do you attend? - Selected Choice.,University of Nebraska-Lincoln,University of Nebraska-Omaha,University of Nebraska-Kearney,Other,NULL,NULL,NULL,NULL,1
2,prepost38,What institution do you attend? - Selected Choice.,University of Nebraska-Lincoln,University of Nebraska-Omaha,University of Nebraska-Kearney,Other,NULL,NULL,NULL,NULL,2
4,prepost38,What institution do you attend? - Selected Choice.,University of Nebraska-Lincoln,University of Nebraska-Omaha,University of Nebraska-Kearney,Other,NULL,NULL,NULL,NULL,2
11,prepost38,What institution do you attend? - Selected Choice.,University of Nebraska-Lincoln,University of Nebraska-Omaha,University of Nebraska-Kearney,Other,NULL,NULL,NULL,NULL,2
35,prepost38,What institution do you attend? - Selected Choice.,University of Nebraska-Lincoln,University of Nebraska-Omaha,University of Nebraska-Kearney,Other,NULL,NULL,NULL,NULL,2
75,prepost38,What institution do you attend? - Selected Choice.,University of Nebraska-Lincoln,University of Nebraska-Omaha,University of Nebraska-Kearney,Other,NULL,NULL,NULL,NULL,2
90,prepost38,What institution do you attend? - Selected Choice.,University of Nebraska-Lincoln,University of Nebraska-Omaha,University of Nebraska-Kearney,Other,NULL,NULL,NULL,NULL,2
21,prepost38,What institution do you attend? - Selected Choice.,University of Nebraska-Lincoln,University of Nebraska-Omaha,University of Nebraska-Kearney,Other,NULL,NULL,NULL,NULL,3
36,prepost38,What institution do you attend? - Selected Choice.,University of Nebraska-Lincoln,University of Nebraska-Omaha,University of Nebraska-Kearney,Other,NULL,NULL,NULL,NULL,3
38,prepost38,What institution do you attend? - Selected Choice.,University of Nebraska-Lincoln,University of Nebraska-Omaha,University of Nebraska-Kearney,Other,NULL,NULL,NULL,NULL,3
41,prepost38,What institution do you attend? - Selected Choice.,University of Nebraska-Lincoln,University of Nebraska-Omaha,University of Nebraska-Kearney,Other,NULL,NULL,NULL,NULL,3
48,prepost38,What institution do you attend? - Selected Choice.,University of Nebraska-Lincoln,University of Nebraska-Omaha,University of Nebraska-Kearney,Other,NULL,NULL,NULL,NULL,3
49,prepost38,What institution do you attend? - Selected Choice.,University of Nebraska-Lincoln,University of Nebraska-Omaha,University of Nebraska-Kearney,Other,NULL,NULL,NULL,NULL,3
61,prepost38,What institution do you attend? - Selected Choice.,University of Nebraska-Lincoln,University of Nebraska-Omaha,University of Nebraska-Kearney,Other,NULL,NULL,NULL,NULL,3
67,prepost38,What institution do you attend? - Selected Choice.,University of Nebraska-Lincoln,University of Nebraska-Omaha,University of Nebraska-Kearney,Other,NULL,NULL,NULL,NULL,3
73,prepost38,What institution do you attend? - Selected Choice.,University of Nebraska-Lincoln,University of Nebraska-Omaha,University of Nebraska-Kearney,Other,NULL,NULL,NULL,NULL,3
86,prepost38,What institution do you attend? - Selected Choice.,University of Nebraska-Lincoln,University of Nebraska-Omaha,University of Nebraska-Kearney,Other,NULL,NULL,NULL,NULL,3
96,prepost38,What institution do you attend? - Selected Choice.,University of Nebraska-Lincoln,University of Nebraska-Omaha,University of Nebraska-Kearney,Other,NULL,NULL,NULL,NULL,3
106,prepost38,What institution do you attend? - Selected Choice.,University of Nebraska-Lincoln,University of Nebraska-Omaha,University of Nebraska-Kearney,Other,NULL,NULL,NULL,NULL,3
37,prepost38,What institution do you attend? - Selected Choice.,University of Nebraska-Lincoln,University of Nebraska-Omaha,University of Nebraska-Kearney,Other,NULL,NULL,NULL,NULL,4
53,prepost38,What institution do you attend? - Selected Choice.,University of Nebraska-Lincoln,University of Nebraska-Omaha,University of Nebraska-Kearney,Other,NULL,NULL,NULL,NULL,4
2,prepost39,What is your classification in college? - Selected Choice.,Freshman/first-year,Sophomore,Junior,Senior,Master's Student,Doctoral Student,NULL,Other,1
6,prepost39,What is your classification in college? - Selected Choice.,Freshman/first-year,Sophomore,Junior,Senior,Master's Student,Doctoral Student,NULL,Other,1
23,prepost39,What is your classification in college? - Selected Choice.,Freshman/first-year,Sophomore,Junior,Senior,Master's Student,Doctoral Student,NULL,Other,1
41,prepost39,What is your classification in college? - Selected Choice.,Freshman/first-year,Sophomore,Junior,Senior,Master's Student,Doctoral Student,NULL,Other,1
78,prepost39,What is your classification in college? - Selected Choice.,Freshman/first-year,Sophomore,Junior,Senior,Master's Student,Doctoral Student,NULL,Other,1
11,prepost39,What is your classification in college? - Selected Choice.,Freshman/first-year,Sophomore,Junior,Senior,Master's Student,Doctoral Student,NULL,Other,2
65,prepost39,What is your classification in college? - Selected Choice.,Freshman/first-year,Sophomore,Junior,Senior,Master's Student,Doctoral Student,NULL,Other,2
72,prepost39,What is your classification in college? - Selected Choice.,Freshman/first-year,Sophomore,Junior,Senior,Master's Student,Doctoral Student,NULL,Other,2
84,prepost39,What is your classification in college? - Selected Choice.,Freshman/first-year,Sophomore,Junior,Senior,Master's Student,Doctoral Student,NULL,Other,2
103,prepost39,What is your classification in college? - Selected Choice.,Freshman/first-year,Sophomore,Junior,Senior,Master's Student,Doctoral Student,NULL,Other,2
106,prepost39,What is your classification in college? - Selected Choice.,Freshman/first-year,Sophomore,Junior,Senior,Master's Student,Doctoral Student,NULL,Other,2
28,prepost39,What is your classification in college? - Selected Choice.,Freshman/first-year,Sophomore,Junior,Senior,Master's Student,Doctoral Student,NULL,Other,3
30,prepost39,What is your classification in college? - Selected Choice.,Freshman/first-year,Sophomore,Junior,Senior,Master's Student,Doctoral Student,NULL,Other,3
33,prepost39,What is your classification in college? - Selected Choice.,Freshman/first-year,Sophomore,Junior,Senior,Master's Student,Doctoral Student,NULL,Other,3
46,prepost39,What is your classification in college? - Selected Choice.,Freshman/first-year,Sophomore,Junior,Senior,Master's Student,Doctoral Student,NULL,Other,3
64,prepost39,What is your classification in college? - Selected Choice.,Freshman/first-year,Sophomore,Junior,Senior,Master's Student,Doctoral Student,NULL,Other,3
88,prepost39,What is your classification in college? - Selected Choice.,Freshman/first-year,Sophomore,Junior,Senior,Master's Student,Doctoral Student,NULL,Other,3
89,prepost39,What is your classification in college? - Selected Choice.,Freshman/first-year,Sophomore,Junior,Senior,Master's Student,Doctoral Student,NULL,Other,3
96,prepost39,What is your classification in college? - Selected Choice.,Freshman/first-year,Sophomore,Junior,Senior,Master's Student,Doctoral Student,NULL,Other,3
21,prepost39,What is your classification in college? - Selected Choice.,Freshman/first-year,Sophomore,Junior,Senior,Master's Student,Doctoral Student,NULL,Other,4
25,prepost39,What is your classification in college? - Selected Choice.,Freshman/first-year,Sophomore,Junior,Senior,Master's Student,Doctoral Student,NULL,Other,4
38,prepost39,What is your classification in college? - Selected Choice.,Freshman/first-year,Sophomore,Junior,Senior,Master's Student,Doctoral Student,NULL,Other,4
45,prepost39,What is your classification in college? - Selected Choice.,Freshman/first-year,Sophomore,Junior,Senior,Master's Student,Doctoral Student,NULL,Other,4
51,prepost39,What is your classification in college? - Selected Choice.,Freshman/first-year,Sophomore,Junior,Senior,Master's Student,Doctoral Student,NULL,Other,4
57,prepost39,What is your classification in college? - Selected Choice.,Freshman/first-year,Sophomore,Junior,Senior,Master's Student,Doctoral Student,NULL,Other,4
61,prepost39,What is your classification in college? - Selected Choice.,Freshman/first-year,Sophomore,Junior,Senior,Master's Student,Doctoral Student,NULL,Other,4
67,prepost39,What is your classification in college? - Selected Choice.,Freshman/first-year,Sophomore,Junior,Senior,Master's Student,Doctoral Student,NULL,Other,4
73,prepost39,What is your classification in college? - Selected Choice.,Freshman/first-year,Sophomore,Junior,Senior,Master's Student,Doctoral Student,NULL,Other,4
81,prepost39,What is your classification in college? - Selected Choice.,Freshman/first-year,Sophomore,Junior,Senior,Master's Student,Doctoral Student,NULL,Other,4
82,prepost39,What is your classification in college? - Selected Choice.,Freshman/first-year,Sophomore,Junior,Senior,Master's Student,Doctoral Student,NULL,Other,4
86,prepost39,What is your classification in college? - Selected Choice.,Freshman/first-year,Sophomore,Junior,Senior,Master's Student,Doctoral Student,NULL,Other,4
87,prepost39,What is your classification in college? - Selected Choice.,Freshman/first-year,Sophomore,Junior,Senior,Master's Student,Doctoral Student,NULL,Other,4
4,prepost39,What is your classification in college? - Selected Choice.,Freshman/first-year,Sophomore,Junior,Senior,Master's Student,Doctoral Student,NULL,Other,5
20,prepost39,What is your classification in college? - Selected Choice.,Freshman/first-year,Sophomore,Junior,Senior,Master's Student,Doctoral Student,NULL,Other,5
24,prepost39,What is your classification in college? - Selected Choice.,Freshman/first-year,Sophomore,Junior,Senior,Master's Student,Doctoral Student,NULL,Other,5
35,prepost39,What is your classification in college? - Selected Choice.,Freshman/first-year,Sophomore,Junior,Senior,Master's Student,Doctoral Student,NULL,Other,5
36,prepost39,What is your classification in college? - Selected Choice.,Freshman/first-year,Sophomore,Junior,Senior,Master's Student,Doctoral Student,NULL,Other,5
43,prepost39,What is your classification in college? - Selected Choice.,Freshman/first-year,Sophomore,Junior,Senior,Master's Student,Doctoral Student,NULL,Other,5
44,prepost39,What is your classification in college? - Selected Choice.,Freshman/first-year,Sophomore,Junior,Senior,Master's Student,Doctoral Student,NULL,Other,5
47,prepost39,What is your classification in college? - Selected Choice.,Freshman/first-year,Sophomore,Junior,Senior,Master's Student,Doctoral Student,NULL,Other,5
48,prepost39,What is your classification in college? - Selected Choice.,Freshman/first-year,Sophomore,Junior,Senior,Master's Student,Doctoral Student,NULL,Other,5
49,prepost39,What is your classification in college? - Selected Choice.,Freshman/first-year,Sophomore,Junior,Senior,Master's Student,Doctoral Student,NULL,Other,5
55,prepost39,What is your classification in college? - Selected Choice.,Freshman/first-year,Sophomore,Junior,Senior,Master's Student,Doctoral Student,NULL,Other,5
60,prepost39,What is your classification in college? - Selected Choice.,Freshman/first-year,Sophomore,Junior,Senior,Master's Student,Doctoral Student,NULL,Other,5
68,prepost39,What is your classification in college? - Selected Choice.,Freshman/first-year,Sophomore,Junior,Senior,Master's Student,Doctoral Student,NULL,Other,5
71,prepost39,What is your classification in college? - Selected Choice.,Freshman/first-year,Sophomore,Junior,Senior,Master's Student,Doctoral Student,NULL,Other,5
90,prepost39,What is your classification in college? - Selected Choice.,Freshman/first-year,Sophomore,Junior,Senior,Master's Student,Doctoral Student,NULL,Other,5
108,prepost39,What is your classification in college? - Selected Choice.,Freshman/first-year,Sophomore,Junior,Senior,Master's Student,Doctoral Student,NULL,Other,5
1,prepost39,What is your classification in college? - Selected Choice.,Freshman/first-year,Sophomore,Junior,Senior,Master's Student,Doctoral Student,NULL,Other,6
5,prepost39,What is your classification in college? - Selected Choice.,Freshman/first-year,Sophomore,Junior,Senior,Master's Student,Doctoral Student,NULL,Other,6
14,prepost39,What is your classification in college? - Selected Choice.,Freshman/first-year,Sophomore,Junior,Senior,Master's Student,Doctoral Student,NULL,Other,6
15,prepost39,What is your classification in college? - Selected Choice.,Freshman/first-year,Sophomore,Junior,Senior,Master's Student,Doctoral Student,NULL,Other,6
26,prepost39,What is your classification in college? - Selected Choice.,Freshman/first-year,Sophomore,Junior,Senior,Master's Student,Doctoral Student,NULL,Other,6
31,prepost39,What is your classification in college? - Selected Choice.,Freshman/first-year,Sophomore,Junior,Senior,Master's Student,Doctoral Student,NULL,Other,6
32,prepost39,What is your classification in college? - Selected Choice.,Freshman/first-year,Sophomore,Junior,Senior,Master's Student,Doctoral Student,NULL,Other,6
34,prepost39,What is your classification in college? - Selected Choice.,Freshman/first-year,Sophomore,Junior,Senior,Master's Student,Doctoral Student,NULL,Other,6
40,prepost39,What is your classification in college? - Selected Choice.,Freshman/first-year,Sophomore,Junior,Senior,Master's Student,Doctoral Student,NULL,Other,6
52,prepost39,What is your classification in college? - Selected Choice.,Freshman/first-year,Sophomore,Junior,Senior,Master's Student,Doctoral Student,NULL,Other,6
54,prepost39,What is your classification in college? - Selected Choice.,Freshman/first-year,Sophomore,Junior,Senior,Master's Student,Doctoral Student,NULL,Other,6
58,prepost39,What is your classification in college? - Selected Choice.,Freshman/first-year,Sophomore,Junior,Senior,Master's Student,Doctoral Student,NULL,Other,6
63,prepost39,What is your classification in college? - Selected Choice.,Freshman/first-year,Sophomore,Junior,Senior,Master's Student,Doctoral Student,NULL,Other,6
66,prepost39,What is your classification in college? - Selected Choice.,Freshman/first-year,Sophomore,Junior,Senior,Master's Student,Doctoral Student,NULL,Other,6
74,prepost39,What is your classification in college? - Selected Choice.,Freshman/first-year,Sophomore,Junior,Senior,Master's Student,Doctoral Student,NULL,Other,6
75,prepost39,What is your classification in college? - Selected Choice.,Freshman/first-year,Sophomore,Junior,Senior,Master's Student,Doctoral Student,NULL,Other,6
83,prepost39,What is your classification in college? - Selected Choice.,Freshman/first-year,Sophomore,Junior,Senior,Master's Student,Doctoral Student,NULL,Other,6
85,prepost39,What is your classification in college? - Selected Choice.,Freshman/first-year,Sophomore,Junior,Senior,Master's Student,Doctoral Student,NULL,Other,6
37,prepost39,What is your classification in college? - Selected Choice.,Freshman/first-year,Sophomore,Junior,Senior,Master's Student,Doctoral Student,NULL,Other,8
53,prepost39,What is your classification in college? - Selected Choice.,Freshman/first-year,Sophomore,Junior,Senior,Master's Student,Doctoral Student,NULL,Other,8
26,prepost41,How would you describe your gender?,Male,Female,Non-binary/third gender,Prefer not to say,NULL,NULL,NULL,NULL,1
28,prepost41,How would you describe your gender?,Male,Female,Non-binary/third gender,Prefer not to say,NULL,NULL,NULL,NULL,1
32,prepost41,How would you describe your gender?,Male,Female,Non-binary/third gender,Prefer not to say,NULL,NULL,NULL,NULL,1
34,prepost41,How would you describe your gender?,Male,Female,Non-binary/third gender,Prefer not to say,NULL,NULL,NULL,NULL,1
40,prepost41,How would you describe your gender?,Male,Female,Non-binary/third gender,Prefer not to say,NULL,NULL,NULL,NULL,1
41,prepost41,How would you describe your gender?,Male,Female,Non-binary/third gender,Prefer not to say,NULL,NULL,NULL,NULL,1
43,prepost41,How would you describe your gender?,Male,Female,Non-binary/third gender,Prefer not to say,NULL,NULL,NULL,NULL,1
44,prepost41,How would you describe your gender?,Male,Female,Non-binary/third gender,Prefer not to say,NULL,NULL,NULL,NULL,1
45,prepost41,How would you describe your gender?,Male,Female,Non-binary/third gender,Prefer not to say,NULL,NULL,NULL,NULL,1
67,prepost41,How would you describe your gender?,Male,Female,Non-binary/third gender,Prefer not to say,NULL,NULL,NULL,NULL,1
73,prepost41,How would you describe your gender?,Male,Female,Non-binary/third gender,Prefer not to say,NULL,NULL,NULL,NULL,1
78,prepost41,How would you describe your gender?,Male,Female,Non-binary/third gender,Prefer not to say,NULL,NULL,NULL,NULL,1
81,prepost41,How would you describe your gender?,Male,Female,Non-binary/third gender,Prefer not to say,NULL,NULL,NULL,NULL,1
82,prepost41,How would you describe your gender?,Male,Female,Non-binary/third gender,Prefer not to say,NULL,NULL,NULL,NULL,1
83,prepost41,How would you describe your gender?,Male,Female,Non-binary/third gender,Prefer not to say,NULL,NULL,NULL,NULL,1
85,prepost41,How would you describe your gender?,Male,Female,Non-binary/third gender,Prefer not to say,NULL,NULL,NULL,NULL,1
89,prepost41,How would you describe your gender?,Male,Female,Non-binary/third gender,Prefer not to say,NULL,NULL,NULL,NULL,1
103,prepost41,How would you describe your gender?,Male,Female,Non-binary/third gender,Prefer not to say,NULL,NULL,NULL,NULL,1
1,prepost41,How would you describe your gender?,Male,Female,Non-binary/third gender,Prefer not to say,NULL,NULL,NULL,NULL,2
2,prepost41,How would you describe your gender?,Male,Female,Non-binary/third gender,Prefer not to say,NULL,NULL,NULL,NULL,2
4,prepost41,How would you describe your gender?,Male,Female,Non-binary/third gender,Prefer not to say,NULL,NULL,NULL,NULL,2
5,prepost41,How would you describe your gender?,Male,Female,Non-binary/third gender,Prefer not to say,NULL,NULL,NULL,NULL,2
6,prepost41,How would you describe your gender?,Male,Female,Non-binary/third gender,Prefer not to say,NULL,NULL,NULL,NULL,2
11,prepost41,How would you describe your gender?,Male,Female,Non-binary/third gender,Prefer not to say,NULL,NULL,NULL,NULL,2
14,prepost41,How would you describe your gender?,Male,Female,Non-binary/third gender,Prefer not to say,NULL,NULL,NULL,NULL,2
15,prepost41,How would you describe your gender?,Male,Female,Non-binary/third gender,Prefer not to say,NULL,NULL,NULL,NULL,2
20,prepost41,How would you describe your gender?,Male,Female,Non-binary/third gender,Prefer not to say,NULL,NULL,NULL,NULL,2
21,prepost41,How would you describe your gender?,Male,Female,Non-binary/third gender,Prefer not to say,NULL,NULL,NULL,NULL,2
23,prepost41,How would you describe your gender?,Male,Female,Non-binary/third gender,Prefer not to say,NULL,NULL,NULL,NULL,2
24,prepost41,How would you describe your gender?,Male,Female,Non-binary/third gender,Prefer not to say,NULL,NULL,NULL,NULL,2
30,prepost41,How would you describe your gender?,Male,Female,Non-binary/third gender,Prefer not to say,NULL,NULL,NULL,NULL,2
31,prepost41,How would you describe your gender?,Male,Female,Non-binary/third gender,Prefer not to say,NULL,NULL,NULL,NULL,2
33,prepost41,How would you describe your gender?,Male,Female,Non-binary/third gender,Prefer not to say,NULL,NULL,NULL,NULL,2
36,prepost41,How would you describe your gender?,Male,Female,Non-binary/third gender,Prefer not to say,NULL,NULL,NULL,NULL,2
37,prepost41,How would you describe your gender?,Male,Female,Non-binary/third gender,Prefer not to say,NULL,NULL,NULL,NULL,2
38,prepost41,How would you describe your gender?,Male,Female,Non-binary/third gender,Prefer not to say,NULL,NULL,NULL,NULL,2
46,prepost41,How would you describe your gender?,Male,Female,Non-binary/third gender,Prefer not to say,NULL,NULL,NULL,NULL,2
47,prepost41,How would you describe your gender?,Male,Female,Non-binary/third gender,Prefer not to say,NULL,NULL,NULL,NULL,2
48,prepost41,How would you describe your gender?,Male,Female,Non-binary/third gender,Prefer not to say,NULL,NULL,NULL,NULL,2
49,prepost41,How would you describe your gender?,Male,Female,Non-binary/third gender,Prefer not to say,NULL,NULL,NULL,NULL,2
51,prepost41,How would you describe your gender?,Male,Female,Non-binary/third gender,Prefer not to say,NULL,NULL,NULL,NULL,2
52,prepost41,How would you describe your gender?,Male,Female,Non-binary/third gender,Prefer not to say,NULL,NULL,NULL,NULL,2
53,prepost41,How would you describe your gender?,Male,Female,Non-binary/third gender,Prefer not to say,NULL,NULL,NULL,NULL,2
54,prepost41,How would you describe your gender?,Male,Female,Non-binary/third gender,Prefer not to say,NULL,NULL,NULL,NULL,2
55,prepost41,How would you describe your gender?,Male,Female,Non-binary/third gender,Prefer not to say,NULL,NULL,NULL,NULL,2
57,prepost41,How would you describe your gender?,Male,Female,Non-binary/third gender,Prefer not to say,NULL,NULL,NULL,NULL,2
58,prepost41,How would you describe your gender?,Male,Female,Non-binary/third gender,Prefer not to say,NULL,NULL,NULL,NULL,2
60,prepost41,How would you describe your gender?,Male,Female,Non-binary/third gender,Prefer not to say,NULL,NULL,NULL,NULL,2
61,prepost41,How would you describe your gender?,Male,Female,Non-binary/third gender,Prefer not to say,NULL,NULL,NULL,NULL,2
63,prepost41,How would you describe your gender?,Male,Female,Non-binary/third gender,Prefer not to say,NULL,NULL,NULL,NULL,2
65,prepost41,How would you describe your gender?,Male,Female,Non-binary/third gender,Prefer not to say,NULL,NULL,NULL,NULL,2
66,prepost41,How would you describe your gender?,Male,Female,Non-binary/third gender,Prefer not to say,NULL,NULL,NULL,NULL,2
68,prepost41,How would you describe your gender?,Male,Female,Non-binary/third gender,Prefer not to say,NULL,NULL,NULL,NULL,2
71,prepost41,How would you describe your gender?,Male,Female,Non-binary/third gender,Prefer not to say,NULL,NULL,NULL,NULL,2
74,prepost41,How would you describe your gender?,Male,Female,Non-binary/third gender,Prefer not to say,NULL,NULL,NULL,NULL,2
75,prepost41,How would you describe your gender?,Male,Female,Non-binary/third gender,Prefer not to say,NULL,NULL,NULL,NULL,2
84,prepost41,How would you describe your gender?,Male,Female,Non-binary/third gender,Prefer not to say,NULL,NULL,NULL,NULL,2
86,prepost41,How would you describe your gender?,Male,Female,Non-binary/third gender,Prefer not to say,NULL,NULL,NULL,NULL,2
87,prepost41,How would you describe your gender?,Male,Female,Non-binary/third gender,Prefer not to say,NULL,NULL,NULL,NULL,2
88,prepost41,How would you describe your gender?,Male,Female,Non-binary/third gender,Prefer not to say,NULL,NULL,NULL,NULL,2
90,prepost41,How would you describe your gender?,Male,Female,Non-binary/third gender,Prefer not to say,NULL,NULL,NULL,NULL,2
96,prepost41,How would you describe your gender?,Male,Female,Non-binary/third gender,Prefer not to say,NULL,NULL,NULL,NULL,2
106,prepost41,How would you describe your gender?,Male,Female,Non-binary/third gender,Prefer not to say,NULL,NULL,NULL,NULL,2
108,prepost41,How would you describe your gender?,Male,Female,Non-binary/third gender,Prefer not to say,NULL,NULL,NULL,NULL,2
25,prepost41,How would you describe your gender?,Male,Female,Non-binary/third gender,Prefer not to say,NULL,NULL,NULL,NULL,3
35,prepost41,How would you describe your gender?,Male,Female,Non-binary/third gender,Prefer not to say,NULL,NULL,NULL,NULL,3
64,prepost41,How would you describe your gender?,Male,Female,Non-binary/third gender,Prefer not to say,NULL,NULL,NULL,NULL,3
72,prepost41,How would you describe your gender?,Male,Female,Non-binary/third gender,Prefer not to say,NULL,NULL,NULL,NULL,4
1,prepost42_1,Which category(ies) best describes your race(s)? Select more than one if applicable. - Selected Choice Asian.,Asian,NULL,NULL,NULL,NULL,NULL,NULL,NULL,1
32,prepost42_1,Which category(ies) best describes your race(s)? Select more than one if applicable. - Selected Choice Asian.,Asian,NULL,NULL,NULL,NULL,NULL,NULL,NULL,1
61,prepost42_1,Which category(ies) best describes your race(s)? Select more than one if applicable. - Selected Choice Asian.,Asian,NULL,NULL,NULL,NULL,NULL,NULL,NULL,1
74,prepost42_1,Which category(ies) best describes your race(s)? Select more than one if applicable. - Selected Choice Asian.,Asian,NULL,NULL,NULL,NULL,NULL,NULL,NULL,1
82,prepost42_1,Which category(ies) best describes your race(s)? Select more than one if applicable. - Selected Choice Asian.,Asian,NULL,NULL,NULL,NULL,NULL,NULL,NULL,1
83,prepost42_1,Which category(ies) best describes your race(s)? Select more than one if applicable. - Selected Choice Asian.,Asian,NULL,NULL,NULL,NULL,NULL,NULL,NULL,1
84,prepost42_1,Which category(ies) best describes your race(s)? Select more than one if applicable. - Selected Choice Asian.,Asian,NULL,NULL,NULL,NULL,NULL,NULL,NULL,1
108,prepost42_1,Which category(ies) best describes your race(s)? Select more than one if applicable. - Selected Choice Asian.,Asian,NULL,NULL,NULL,NULL,NULL,NULL,NULL,1
15,prepost42_2,Which category(ies) best describes your race(s)? Select more than one if applicable. - Selected Choice Black or African American.,Black or African American,NULL,NULL,NULL,NULL,NULL,NULL,NULL,1
40,prepost42_2,Which category(ies) best describes your race(s)? Select more than one if applicable. - Selected Choice Black or African American.,Black or African American,NULL,NULL,NULL,NULL,NULL,NULL,NULL,1
68,prepost42_2,Which category(ies) best describes your race(s)? Select more than one if applicable. - Selected Choice Black or African American.,Black or African American,NULL,NULL,NULL,NULL,NULL,NULL,NULL,1
72,prepost42_2,Which category(ies) best describes your race(s)? Select more than one if applicable. - Selected Choice Black or African American.,Black or African American,NULL,NULL,NULL,NULL,NULL,NULL,NULL,1
85,prepost42_2,Which category(ies) best describes your race(s)? Select more than one if applicable. - Selected Choice Black or African American.,Black or African American,NULL,NULL,NULL,NULL,NULL,NULL,NULL,1
4,prepost42_3,Which category(ies) best describes your race(s)? Select more than one if applicable. - Selected Choice White.,White,NULL,NULL,NULL,NULL,NULL,NULL,NULL,1
5,prepost42_3,Which category(ies) best describes your race(s)? Select more than one if applicable. - Selected Choice White.,White,NULL,NULL,NULL,NULL,NULL,NULL,NULL,1
6,prepost42_3,Which category(ies) best describes your race(s)? Select more than one if applicable. - Selected Choice White.,White,NULL,NULL,NULL,NULL,NULL,NULL,NULL,1
11,prepost42_3,Which category(ies) best describes your race(s)? Select more than one if applicable. - Selected Choice White.,White,NULL,NULL,NULL,NULL,NULL,NULL,NULL,1
14,prepost42_3,Which category(ies) best describes your race(s)? Select more than one if applicable. - Selected Choice White.,White,NULL,NULL,NULL,NULL,NULL,NULL,NULL,1
20,prepost42_3,Which category(ies) best describes your race(s)? Select more than one if applicable. - Selected Choice White.,White,NULL,NULL,NULL,NULL,NULL,NULL,NULL,1
21,prepost42_3,Which category(ies) best describes your race(s)? Select more than one if applicable. - Selected Choice White.,White,NULL,NULL,NULL,NULL,NULL,NULL,NULL,1
23,prepost42_3,Which category(ies) best describes your race(s)? Select more than one if applicable. - Selected Choice White.,White,NULL,NULL,NULL,NULL,NULL,NULL,NULL,1
24,prepost42_3,Which category(ies) best describes your race(s)? Select more than one if applicable. - Selected Choice White.,White,NULL,NULL,NULL,NULL,NULL,NULL,NULL,1
25,prepost42_3,Which category(ies) best describes your race(s)? Select more than one if applicable. - Selected Choice White.,White,NULL,NULL,NULL,NULL,NULL,NULL,NULL,1
26,prepost42_3,Which category(ies) best describes your race(s)? Select more than one if applicable. - Selected Choice White.,White,NULL,NULL,NULL,NULL,NULL,NULL,NULL,1
28,prepost42_3,Which category(ies) best describes your race(s)? Select more than one if applicable. - Selected Choice White.,White,NULL,NULL,NULL,NULL,NULL,NULL,NULL,1
30,prepost42_3,Which category(ies) best describes your race(s)? Select more than one if applicable. - Selected Choice White.,White,NULL,NULL,NULL,NULL,NULL,NULL,NULL,1
31,prepost42_3,Which category(ies) best describes your race(s)? Select more than one if applicable. - Selected Choice White.,White,NULL,NULL,NULL,NULL,NULL,NULL,NULL,1
33,prepost42_3,Which category(ies) best describes your race(s)? Select more than one if applicable. - Selected Choice White.,White,NULL,NULL,NULL,NULL,NULL,NULL,NULL,1
34,prepost42_3,Which category(ies) best describes your race(s)? Select more than one if applicable. - Selected Choice White.,White,NULL,NULL,NULL,NULL,NULL,NULL,NULL,1
35,prepost42_3,Which category(ies) best describes your race(s)? Select more than one if applicable. - Selected Choice White.,White,NULL,NULL,NULL,NULL,NULL,NULL,NULL,1
37,prepost42_3,Which category(ies) best describes your race(s)? Select more than one if applicable. - Selected Choice White.,White,NULL,NULL,NULL,NULL,NULL,NULL,NULL,1
38,prepost42_3,Which category(ies) best describes your race(s)? Select more than one if applicable. - Selected Choice White.,White,NULL,NULL,NULL,NULL,NULL,NULL,NULL,1
41,prepost42_3,Which category(ies) best describes your race(s)? Select more than one if applicable. - Selected Choice White.,White,NULL,NULL,NULL,NULL,NULL,NULL,NULL,1
43,prepost42_3,Which category(ies) best describes your race(s)? Select more than one if applicable. - Selected Choice White.,White,NULL,NULL,NULL,NULL,NULL,NULL,NULL,1
45,prepost42_3,Which category(ies) best describes your race(s)? Select more than one if applicable. - Selected Choice White.,White,NULL,NULL,NULL,NULL,NULL,NULL,NULL,1
46,prepost42_3,Which category(ies) best describes your race(s)? Select more than one if applicable. - Selected Choice White.,White,NULL,NULL,NULL,NULL,NULL,NULL,NULL,1
47,prepost42_3,Which category(ies) best describes your race(s)? Select more than one if applicable. - Selected Choice White.,White,NULL,NULL,NULL,NULL,NULL,NULL,NULL,1
48,prepost42_3,Which category(ies) best describes your race(s)? Select more than one if applicable. - Selected Choice White.,White,NULL,NULL,NULL,NULL,NULL,NULL,NULL,1
49,prepost42_3,Which category(ies) best describes your race(s)? Select more than one if applicable. - Selected Choice White.,White,NULL,NULL,NULL,NULL,NULL,NULL,NULL,1
51,prepost42_3,Which category(ies) best describes your race(s)? Select more than one if applicable. - Selected Choice White.,White,NULL,NULL,NULL,NULL,NULL,NULL,NULL,1
52,prepost42_3,Which category(ies) best describes your race(s)? Select more than one if applicable. - Selected Choice White.,White,NULL,NULL,NULL,NULL,NULL,NULL,NULL,1
55,prepost42_3,Which category(ies) best describes your race(s)? Select more than one if applicable. - Selected Choice White.,White,NULL,NULL,NULL,NULL,NULL,NULL,NULL,1
57,prepost42_3,Which category(ies) best describes your race(s)? Select more than one if applicable. - Selected Choice White.,White,NULL,NULL,NULL,NULL,NULL,NULL,NULL,1
58,prepost42_3,Which category(ies) best describes your race(s)? Select more than one if applicable. - Selected Choice White.,White,NULL,NULL,NULL,NULL,NULL,NULL,NULL,1
60,prepost42_3,Which category(ies) best describes your race(s)? Select more than one if applicable. - Selected Choice White.,White,NULL,NULL,NULL,NULL,NULL,NULL,NULL,1
63,prepost42_3,Which category(ies) best describes your race(s)? Select more than one if applicable. - Selected Choice White.,White,NULL,NULL,NULL,NULL,NULL,NULL,NULL,1
64,prepost42_3,Which category(ies) best describes your race(s)? Select more than one if applicable. - Selected Choice White.,White,NULL,NULL,NULL,NULL,NULL,NULL,NULL,1
65,prepost42_3,Which category(ies) best describes your race(s)? Select more than one if applicable. - Selected Choice White.,White,NULL,NULL,NULL,NULL,NULL,NULL,NULL,1
66,prepost42_3,Which category(ies) best describes your race(s)? Select more than one if applicable. - Selected Choice White.,White,NULL,NULL,NULL,NULL,NULL,NULL,NULL,1
67,prepost42_3,Which category(ies) best describes your race(s)? Select more than one if applicable. - Selected Choice White.,White,NULL,NULL,NULL,NULL,NULL,NULL,NULL,1
68,prepost42_3,Which category(ies) best describes your race(s)? Select more than one if applicable. - Selected Choice White.,White,NULL,NULL,NULL,NULL,NULL,NULL,NULL,1
71,prepost42_3,Which category(ies) best describes your race(s)? Select more than one if applicable. - Selected Choice White.,White,NULL,NULL,NULL,NULL,NULL,NULL,NULL,1
72,prepost42_3,Which category(ies) best describes your race(s)? Select more than one if applicable. - Selected Choice White.,White,NULL,NULL,NULL,NULL,NULL,NULL,NULL,1
73,prepost42_3,Which category(ies) best describes your race(s)? Select more than one if applicable. - Selected Choice White.,White,NULL,NULL,NULL,NULL,NULL,NULL,NULL,1
75,prepost42_3,Which category(ies) best describes your race(s)? Select more than one if applicable. - Selected Choice White.,White,NULL,NULL,NULL,NULL,NULL,NULL,NULL,1
78,prepost42_3,Which category(ies) best describes your race(s)? Select more than one if applicable. - Selected Choice White.,White,NULL,NULL,NULL,NULL,NULL,NULL,NULL,1
84,prepost42_3,Which category(ies) best describes your race(s)? Select more than one if applicable. - Selected Choice White.,White,NULL,NULL,NULL,NULL,NULL,NULL,NULL,1
86,prepost42_3,Which category(ies) best describes your race(s)? Select more than one if applicable. - Selected Choice White.,White,NULL,NULL,NULL,NULL,NULL,NULL,NULL,1
87,prepost42_3,Which category(ies) best describes your race(s)? Select more than one if applicable. - Selected Choice White.,White,NULL,NULL,NULL,NULL,NULL,NULL,NULL,1
88,prepost42_3,Which category(ies) best describes your race(s)? Select more than one if applicable. - Selected Choice White.,White,NULL,NULL,NULL,NULL,NULL,NULL,NULL,1
89,prepost42_3,Which category(ies) best describes your race(s)? Select more than one if applicable. - Selected Choice White.,White,NULL,NULL,NULL,NULL,NULL,NULL,NULL,1
90,prepost42_3,Which category(ies) best describes your race(s)? Select more than one if applicable. - Selected Choice White.,White,NULL,NULL,NULL,NULL,NULL,NULL,NULL,1
96,prepost42_3,Which category(ies) best describes your race(s)? Select more than one if applicable. - Selected Choice White.,White,NULL,NULL,NULL,NULL,NULL,NULL,NULL,1
103,prepost42_3,Which category(ies) best describes your race(s)? Select more than one if applicable. - Selected Choice White.,White,NULL,NULL,NULL,NULL,NULL,NULL,NULL,1
106,prepost42_3,Which category(ies) best describes your race(s)? Select more than one if applicable. - Selected Choice White.,White,NULL,NULL,NULL,NULL,NULL,NULL,NULL,1
2,prepost42_4,"Which category(ies) best describes your race(s)? Select more than one if applicable. - Selected Choice Hispanic, Latino, or Spanish origin.","Hispanic, Latino, or Spanish origin",NULL,NULL,NULL,NULL,NULL,NULL,NULL,1
11,prepost42_4,"Which category(ies) best describes your race(s)? Select more than one if applicable. - Selected Choice Hispanic, Latino, or Spanish origin.","Hispanic, Latino, or Spanish origin",NULL,NULL,NULL,NULL,NULL,NULL,NULL,1
44,prepost42_4,"Which category(ies) best describes your race(s)? Select more than one if applicable. - Selected Choice Hispanic, Latino, or Spanish origin.","Hispanic, Latino, or Spanish origin",NULL,NULL,NULL,NULL,NULL,NULL,NULL,1
54,prepost42_4,"Which category(ies) best describes your race(s)? Select more than one if applicable. - Selected Choice Hispanic, Latino, or Spanish origin.","Hispanic, Latino, or Spanish origin",NULL,NULL,NULL,NULL,NULL,NULL,NULL,1
55,prepost42_4,"Which category(ies) best describes your race(s)? Select more than one if applicable. - Selected Choice Hispanic, Latino, or Spanish origin.","Hispanic, Latino, or Spanish origin",NULL,NULL,NULL,NULL,NULL,NULL,NULL,1
81,prepost42_4,"Which category(ies) best describes your race(s)? Select more than one if applicable. - Selected Choice Hispanic, Latino, or Spanish origin.","Hispanic, Latino, or Spanish origin",NULL,NULL,NULL,NULL,NULL,NULL,NULL,1
53,prepost42_6,"Which category(ies) best describes your race(s)? Select more than one if applicable. - Selected Choice Some other race, ethnicity, or orgin.","Some other race, ethnicity, or origin",NULL,NULL,NULL,NULL,NULL,NULL,NULL,1
36,prepost42_8,Which category(ies) best describes your race(s)? Select more than one if applicable. - Selected Choice Middle Eastern or North African. ,Middle Eastern or North African,NULL,NULL,NULL,NULL,NULL,NULL,NULL,1
68,prepost42_9,Which category(ies) best describes your race(s)? Select more than one if applicable. - Selected Choice Native Hawaiin or Other Pacific Islander.,Native Hawaiian or Other Pacific Islander,NULL,NULL,NULL,NULL,NULL,NULL,NULL,1
108,prepost43,What year were you born?,NULL,NULL,NULL,NULL,NULL,NULL,NULL,NULL,11
53,prepost43,What year were you born?,NULL,NULL,NULL,NULL,NULL,NULL,NULL,NULL,1955
61,prepost43,What year were you born?,NULL,NULL,NULL,NULL,NULL,NULL,NULL,NULL,1979
49,prepost43,What year were you born?,NULL,NULL,NULL,NULL,NULL,NULL,NULL,NULL,1982
85,prepost43,What year were you born?,NULL,NULL,NULL,NULL,NULL,NULL,NULL,NULL,1983
60,prepost43,What year were you born?,NULL,NULL,NULL,NULL,NULL,NULL,NULL,NULL,1985
88,prepost43,What year were you born?,NULL,NULL,NULL,NULL,NULL,NULL,NULL,NULL,1986
24,prepost43,What year were you born?,NULL,NULL,NULL,NULL,NULL,NULL,NULL,NULL,1987
26,prepost43,What year were you born?,NULL,NULL,NULL,NULL,NULL,NULL,NULL,NULL,1990
36,prepost43,What year were you born?,NULL,NULL,NULL,NULL,NULL,NULL,NULL,NULL,1991
37,prepost43,What year were you born?,NULL,NULL,NULL,NULL,NULL,NULL,NULL,NULL,1991
90,prepost43,What year were you born?,NULL,NULL,NULL,NULL,NULL,NULL,NULL,NULL,1991
31,prepost43,What year were you born?,NULL,NULL,NULL,NULL,NULL,NULL,NULL,NULL,1992
48,prepost43,What year were you born?,NULL,NULL,NULL,NULL,NULL,NULL,NULL,NULL,1992
73,prepost43,What year were you born?,NULL,NULL,NULL,NULL,NULL,NULL,NULL,NULL,1992
32,prepost43,What year were you born?,NULL,NULL,NULL,NULL,NULL,NULL,NULL,NULL,1993
52,prepost43,What year were you born?,NULL,NULL,NULL,NULL,NULL,NULL,NULL,NULL,1993
54,prepost43,What year were you born?,NULL,NULL,NULL,NULL,NULL,NULL,NULL,NULL,1993
4,prepost43,What year were you born?,NULL,NULL,NULL,NULL,NULL,NULL,NULL,NULL,1994
34,prepost43,What year were you born?,NULL,NULL,NULL,NULL,NULL,NULL,NULL,NULL,1994
58,prepost43,What year were you born?,NULL,NULL,NULL,NULL,NULL,NULL,NULL,NULL,1994
30,prepost43,What year were you born?,NULL,NULL,NULL,NULL,NULL,NULL,NULL,NULL,1995
44,prepost43,What year were you born?,NULL,NULL,NULL,NULL,NULL,NULL,NULL,NULL,1995
74,prepost43,What year were you born?,NULL,NULL,NULL,NULL,NULL,NULL,NULL,NULL,1995
14,prepost43,What year were you born?,NULL,NULL,NULL,NULL,NULL,NULL,NULL,NULL,1996
40,prepost43,What year were you born?,NULL,NULL,NULL,NULL,NULL,NULL,NULL,NULL,1996
55,prepost43,What year were you born?,NULL,NULL,NULL,NULL,NULL,NULL,NULL,NULL,1996
63,prepost43,What year were you born?,NULL,NULL,NULL,NULL,NULL,NULL,NULL,NULL,1996
66,prepost43,What year were you born?,NULL,NULL,NULL,NULL,NULL,NULL,NULL,NULL,1996
75,prepost43,What year were you born?,NULL,NULL,NULL,NULL,NULL,NULL,NULL,NULL,1996
83,prepost43,What year were you born?,NULL,NULL,NULL,NULL,NULL,NULL,NULL,NULL,1996
1,prepost43,What year were you born?,NULL,NULL,NULL,NULL,NULL,NULL,NULL,NULL,1997
20,prepost43,What year were you born?,NULL,NULL,NULL,NULL,NULL,NULL,NULL,NULL,1997
43,prepost43,What year were you born?,NULL,NULL,NULL,NULL,NULL,NULL,NULL,NULL,1997
47,prepost43,What year were you born?,NULL,NULL,NULL,NULL,NULL,NULL,NULL,NULL,1997
5,prepost43,What year were you born?,NULL,NULL,NULL,NULL,NULL,NULL,NULL,NULL,1998
15,prepost43,What year were you born?,NULL,NULL,NULL,NULL,NULL,NULL,NULL,NULL,1998
25,prepost43,What year were you born?,NULL,NULL,NULL,NULL,NULL,NULL,NULL,NULL,1998
35,prepost43,What year were you born?,NULL,NULL,NULL,NULL,NULL,NULL,NULL,NULL,1998
71,prepost43,What year were you born?,NULL,NULL,NULL,NULL,NULL,NULL,NULL,NULL,1998
45,prepost43,What year were you born?,NULL,NULL,NULL,NULL,NULL,NULL,NULL,NULL,1999
68,prepost43,What year were you born?,NULL,NULL,NULL,NULL,NULL,NULL,NULL,NULL,1999
21,prepost43,What year were you born?,NULL,NULL,NULL,NULL,NULL,NULL,NULL,NULL,2000
38,prepost43,What year were you born?,NULL,NULL,NULL,NULL,NULL,NULL,NULL,NULL,2000
57,prepost43,What year were you born?,NULL,NULL,NULL,NULL,NULL,NULL,NULL,NULL,2000
87,prepost43,What year were you born?,NULL,NULL,NULL,NULL,NULL,NULL,NULL,NULL,2000
96,prepost43,What year were you born?,NULL,NULL,NULL,NULL,NULL,NULL,NULL,NULL,2000
28,prepost43,What year were you born?,NULL,NULL,NULL,NULL,NULL,NULL,NULL,NULL,2001
51,prepost43,What year were you born?,NULL,NULL,NULL,NULL,NULL,NULL,NULL,NULL,2001
67,prepost43,What year were you born?,NULL,NULL,NULL,NULL,NULL,NULL,NULL,NULL,2001
81,prepost43,What year were you born?,NULL,NULL,NULL,NULL,NULL,NULL,NULL,NULL,2001
82,prepost43,What year were you born?,NULL,NULL,NULL,NULL,NULL,NULL,NULL,NULL,2001
86,prepost43,What year were you born?,NULL,NULL,NULL,NULL,NULL,NULL,NULL,NULL,2001
89,prepost43,What year were you born?,NULL,NULL,NULL,NULL,NULL,NULL,NULL,NULL,2001
103,prepost43,What year were you born?,NULL,NULL,NULL,NULL,NULL,NULL,NULL,NULL,2001
33,prepost43,What year were you born?,NULL,NULL,NULL,NULL,NULL,NULL,NULL,NULL,2002
46,prepost43,What year were you born?,NULL,NULL,NULL,NULL,NULL,NULL,NULL,NULL,2002
64,prepost43,What year were you born?,NULL,NULL,NULL,NULL,NULL,NULL,NULL,NULL,2002
65,prepost43,What year were you born?,NULL,NULL,NULL,NULL,NULL,NULL,NULL,NULL,2002
72,prepost43,What year were you born?,NULL,NULL,NULL,NULL,NULL,NULL,NULL,NULL,2002
11,prepost43,What year were you born?,NULL,NULL,NULL,NULL,NULL,NULL,NULL,NULL,2003
23,prepost43,What year were you born?,NULL,NULL,NULL,NULL,NULL,NULL,NULL,NULL,2003
41,prepost43,What year were you born?,NULL,NULL,NULL,NULL,NULL,NULL,NULL,NULL,2003
84,prepost43,What year were you born?,NULL,NULL,NULL,NULL,NULL,NULL,NULL,NULL,2003
106,prepost43,What year were you born?,NULL,NULL,NULL,NULL,NULL,NULL,NULL,NULL,2003
2,prepost43,What year were you born?,NULL,NULL,NULL,NULL,NULL,NULL,NULL,NULL,2004
6,prepost43,What year were you born?,NULL,NULL,NULL,NULL,NULL,NULL,NULL,NULL,2004
78,prepost43,What year were you born?,NULL,NULL,NULL,NULL,NULL,NULL,NULL,NULL,2004
1,prepost44,Did one or more of your parents graduate from a four-year college?,Yes,No,NULL,NULL,NULL,NULL,NULL,NULL,1
2,prepost44,Did one or more of your parents graduate from a four-year college?,Yes,No,NULL,NULL,NULL,NULL,NULL,NULL,1
5,prepost44,Did one or more of your parents graduate from a four-year college?,Yes,No,NULL,NULL,NULL,NULL,NULL,NULL,1
11,prepost44,Did one or more of your parents graduate from a four-year college?,Yes,No,NULL,NULL,NULL,NULL,NULL,NULL,1
21,prepost44,Did one or more of your parents graduate from a four-year college?,Yes,No,NULL,NULL,NULL,NULL,NULL,NULL,1
23,prepost44,Did one or more of your parents graduate from a four-year college?,Yes,No,NULL,NULL,NULL,NULL,NULL,NULL,1
24,prepost44,Did one or more of your parents graduate from a four-year college?,Yes,No,NULL,NULL,NULL,NULL,NULL,NULL,1
25,prepost44,Did one or more of your parents graduate from a four-year college?,Yes,No,NULL,NULL,NULL,NULL,NULL,NULL,1
26,prepost44,Did one or more of your parents graduate from a four-year college?,Yes,No,NULL,NULL,NULL,NULL,NULL,NULL,1
28,prepost44,Did one or more of your parents graduate from a four-year college?,Yes,No,NULL,NULL,NULL,NULL,NULL,NULL,1
30,prepost44,Did one or more of your parents graduate from a four-year college?,Yes,No,NULL,NULL,NULL,NULL,NULL,NULL,1
31,prepost44,Did one or more of your parents graduate from a four-year college?,Yes,No,NULL,NULL,NULL,NULL,NULL,NULL,1
34,prepost44,Did one or more of your parents graduate from a four-year college?,Yes,No,NULL,NULL,NULL,NULL,NULL,NULL,1
35,prepost44,Did one or more of your parents graduate from a four-year college?,Yes,No,NULL,NULL,NULL,NULL,NULL,NULL,1
36,prepost44,Did one or more of your parents graduate from a four-year college?,Yes,No,NULL,NULL,NULL,NULL,NULL,NULL,1
37,prepost44,Did one or more of your parents graduate from a four-year college?,Yes,No,NULL,NULL,NULL,NULL,NULL,NULL,1
38,prepost44,Did one or more of your parents graduate from a four-year college?,Yes,No,NULL,NULL,NULL,NULL,NULL,NULL,1
41,prepost44,Did one or more of your parents graduate from a four-year college?,Yes,No,NULL,NULL,NULL,NULL,NULL,NULL,1
43,prepost44,Did one or more of your parents graduate from a four-year college?,Yes,No,NULL,NULL,NULL,NULL,NULL,NULL,1
44,prepost44,Did one or more of your parents graduate from a four-year college?,Yes,No,NULL,NULL,NULL,NULL,NULL,NULL,1
45,prepost44,Did one or more of your parents graduate from a four-year college?,Yes,No,NULL,NULL,NULL,NULL,NULL,NULL,1
47,prepost44,Did one or more of your parents graduate from a four-year college?,Yes,No,NULL,NULL,NULL,NULL,NULL,NULL,1
49,prepost44,Did one or more of your parents graduate from a four-year college?,Yes,No,NULL,NULL,NULL,NULL,NULL,NULL,1
51,prepost44,Did one or more of your parents graduate from a four-year college?,Yes,No,NULL,NULL,NULL,NULL,NULL,NULL,1
52,prepost44,Did one or more of your parents graduate from a four-year college?,Yes,No,NULL,NULL,NULL,NULL,NULL,NULL,1
53,prepost44,Did one or more of your parents graduate from a four-year college?,Yes,No,NULL,NULL,NULL,NULL,NULL,NULL,1
54,prepost44,Did one or more of your parents graduate from a four-year college?,Yes,No,NULL,NULL,NULL,NULL,NULL,NULL,1
55,prepost44,Did one or more of your parents graduate from a four-year college?,Yes,No,NULL,NULL,NULL,NULL,NULL,NULL,1
57,prepost44,Did one or more of your parents graduate from a four-year college?,Yes,No,NULL,NULL,NULL,NULL,NULL,NULL,1
58,prepost44,Did one or more of your parents graduate from a four-year college?,Yes,No,NULL,NULL,NULL,NULL,NULL,NULL,1
60,prepost44,Did one or more of your parents graduate from a four-year college?,Yes,No,NULL,NULL,NULL,NULL,NULL,NULL,1
61,prepost44,Did one or more of your parents graduate from a four-year college?,Yes,No,NULL,NULL,NULL,NULL,NULL,NULL,1
64,prepost44,Did one or more of your parents graduate from a four-year college?,Yes,No,NULL,NULL,NULL,NULL,NULL,NULL,1
66,prepost44,Did one or more of your parents graduate from a four-year college?,Yes,No,NULL,NULL,NULL,NULL,NULL,NULL,1
67,prepost44,Did one or more of your parents graduate from a four-year college?,Yes,No,NULL,NULL,NULL,NULL,NULL,NULL,1
68,prepost44,Did one or more of your parents graduate from a four-year college?,Yes,No,NULL,NULL,NULL,NULL,NULL,NULL,1
71,prepost44,Did one or more of your parents graduate from a four-year college?,Yes,No,NULL,NULL,NULL,NULL,NULL,NULL,1
74,prepost44,Did one or more of your parents graduate from a four-year college?,Yes,No,NULL,NULL,NULL,NULL,NULL,NULL,1
78,prepost44,Did one or more of your parents graduate from a four-year college?,Yes,No,NULL,NULL,NULL,NULL,NULL,NULL,1
81,prepost44,Did one or more of your parents graduate from a four-year college?,Yes,No,NULL,NULL,NULL,NULL,NULL,NULL,1
84,prepost44,Did one or more of your parents graduate from a four-year college?,Yes,No,NULL,NULL,NULL,NULL,NULL,NULL,1
86,prepost44,Did one or more of your parents graduate from a four-year college?,Yes,No,NULL,NULL,NULL,NULL,NULL,NULL,1
96,prepost44,Did one or more of your parents graduate from a four-year college?,Yes,No,NULL,NULL,NULL,NULL,NULL,NULL,1
103,prepost44,Did one or more of your parents graduate from a four-year college?,Yes,No,NULL,NULL,NULL,NULL,NULL,NULL,1
106,prepost44,Did one or more of your parents graduate from a four-year college?,Yes,No,NULL,NULL,NULL,NULL,NULL,NULL,1
4,prepost44,Did one or more of your parents graduate from a four-year college?,Yes,No,NULL,NULL,NULL,NULL,NULL,NULL,2
6,prepost44,Did one or more of your parents graduate from a four-year college?,Yes,No,NULL,NULL,NULL,NULL,NULL,NULL,2
14,prepost44,Did one or more of your parents graduate from a four-year college?,Yes,No,NULL,NULL,NULL,NULL,NULL,NULL,2
15,prepost44,Did one or more of your parents graduate from a four-year college?,Yes,No,NULL,NULL,NULL,NULL,NULL,NULL,2
20,prepost44,Did one or more of your parents graduate from a four-year college?,Yes,No,NULL,NULL,NULL,NULL,NULL,NULL,2
32,prepost44,Did one or more of your parents graduate from a four-year college?,Yes,No,NULL,NULL,NULL,NULL,NULL,NULL,2
33,prepost44,Did one or more of your parents graduate from a four-year college?,Yes,No,NULL,NULL,NULL,NULL,NULL,NULL,2
40,prepost44,Did one or more of your parents graduate from a four-year college?,Yes,No,NULL,NULL,NULL,NULL,NULL,NULL,2
46,prepost44,Did one or more of your parents graduate from a four-year college?,Yes,No,NULL,NULL,NULL,NULL,NULL,NULL,2
48,prepost44,Did one or more of your parents graduate from a four-year college?,Yes,No,NULL,NULL,NULL,NULL,NULL,NULL,2
63,prepost44,Did one or more of your parents graduate from a four-year college?,Yes,No,NULL,NULL,NULL,NULL,NULL,NULL,2
65,prepost44,Did one or more of your parents graduate from a four-year college?,Yes,No,NULL,NULL,NULL,NULL,NULL,NULL,2
72,prepost44,Did one or more of your parents graduate from a four-year college?,Yes,No,NULL,NULL,NULL,NULL,NULL,NULL,2
73,prepost44,Did one or more of your parents graduate from a four-year college?,Yes,No,NULL,NULL,NULL,NULL,NULL,NULL,2
75,prepost44,Did one or more of your parents graduate from a four-year college?,Yes,No,NULL,NULL,NULL,NULL,NULL,NULL,2
82,prepost44,Did one or more of your parents graduate from a four-year college?,Yes,No,NULL,NULL,NULL,NULL,NULL,NULL,2
83,prepost44,Did one or more of your parents graduate from a four-year college?,Yes,No,NULL,NULL,NULL,NULL,NULL,NULL,2
85,prepost44,Did one or more of your parents graduate from a four-year college?,Yes,No,NULL,NULL,NULL,NULL,NULL,NULL,2
87,prepost44,Did one or more of your parents graduate from a four-year college?,Yes,No,NULL,NULL,NULL,NULL,NULL,NULL,2
88,prepost44,Did one or more of your parents graduate from a four-year college?,Yes,No,NULL,NULL,NULL,NULL,NULL,NULL,2
89,prepost44,Did one or more of your parents graduate from a four-year college?,Yes,No,NULL,NULL,NULL,NULL,NULL,NULL,2
90,prepost44,Did one or more of your parents graduate from a four-year college?,Yes,No,NULL,NULL,NULL,NULL,NULL,NULL,2
108,prepost44,Did one or more of your parents graduate from a four-year college?,Yes,No,NULL,NULL,NULL,NULL,NULL,NULL,2
15,prepost45,"In general, how would you describe your political views?",Very liberal,Liberal,Somewhat liberal,Moderate,Somewhat conservative,Conservative,Very conservative,NULL,1
24,prepost45,"In general, how would you describe your political views?",Very liberal,Liberal,Somewhat liberal,Moderate,Somewhat conservative,Conservative,Very conservative,NULL,1
25,prepost45,"In general, how would you describe your political views?",Very liberal,Liberal,Somewhat liberal,Moderate,Somewhat conservative,Conservative,Very conservative,NULL,1
26,prepost45,"In general, how would you describe your political views?",Very liberal,Liberal,Somewhat liberal,Moderate,Somewhat conservative,Conservative,Very conservative,NULL,1
28,prepost45,"In general, how would you describe your political views?",Very liberal,Liberal,Somewhat liberal,Moderate,Somewhat conservative,Conservative,Very conservative,NULL,1
31,prepost45,"In general, how would you describe your political views?",Very liberal,Liberal,Somewhat liberal,Moderate,Somewhat conservative,Conservative,Very conservative,NULL,1
34,prepost45,"In general, how would you describe your political views?",Very liberal,Liberal,Somewhat liberal,Moderate,Somewhat conservative,Conservative,Very conservative,NULL,1
35,prepost45,"In general, how would you describe your political views?",Very liberal,Liberal,Somewhat liberal,Moderate,Somewhat conservative,Conservative,Very conservative,NULL,1
40,prepost45,"In general, how would you describe your political views?",Very liberal,Liberal,Somewhat liberal,Moderate,Somewhat conservative,Conservative,Very conservative,NULL,1
53,prepost45,"In general, how would you describe your political views?",Very liberal,Liberal,Somewhat liberal,Moderate,Somewhat conservative,Conservative,Very conservative,NULL,1
57,prepost45,"In general, how would you describe your political views?",Very liberal,Liberal,Somewhat liberal,Moderate,Somewhat conservative,Conservative,Very conservative,NULL,1
67,prepost45,"In general, how would you describe your political views?",Very liberal,Liberal,Somewhat liberal,Moderate,Somewhat conservative,Conservative,Very conservative,NULL,1
2,prepost45,"In general, how would you describe your political views?",Very liberal,Liberal,Somewhat liberal,Moderate,Somewhat conservative,Conservative,Very conservative,NULL,2
4,prepost45,"In general, how would you describe your political views?",Very liberal,Liberal,Somewhat liberal,Moderate,Somewhat conservative,Conservative,Very conservative,NULL,2
5,prepost45,"In general, how would you describe your political views?",Very liberal,Liberal,Somewhat liberal,Moderate,Somewhat conservative,Conservative,Very conservative,NULL,2
11,prepost45,"In general, how would you describe your political views?",Very liberal,Liberal,Somewhat liberal,Moderate,Somewhat conservative,Conservative,Very conservative,NULL,2
23,prepost45,"In general, how would you describe your political views?",Very liberal,Liberal,Somewhat liberal,Moderate,Somewhat conservative,Conservative,Very conservative,NULL,2
33,prepost45,"In general, how would you describe your political views?",Very liberal,Liberal,Somewhat liberal,Moderate,Somewhat conservative,Conservative,Very conservative,NULL,2
36,prepost45,"In general, how would you describe your political views?",Very liberal,Liberal,Somewhat liberal,Moderate,Somewhat conservative,Conservative,Very conservative,NULL,2
37,prepost45,"In general, how would you describe your political views?",Very liberal,Liberal,Somewhat liberal,Moderate,Somewhat conservative,Conservative,Very conservative,NULL,2
43,prepost45,"In general, how would you describe your political views?",Very liberal,Liberal,Somewhat liberal,Moderate,Somewhat conservative,Conservative,Very conservative,NULL,2
45,prepost45,"In general, how would you describe your political views?",Very liberal,Liberal,Somewhat liberal,Moderate,Somewhat conservative,Conservative,Very conservative,NULL,2
46,prepost45,"In general, how would you describe your political views?",Very liberal,Liberal,Somewhat liberal,Moderate,Somewhat conservative,Conservative,Very conservative,NULL,2
47,prepost45,"In general, how would you describe your political views?",Very liberal,Liberal,Somewhat liberal,Moderate,Somewhat conservative,Conservative,Very conservative,NULL,2
49,prepost45,"In general, how would you describe your political views?",Very liberal,Liberal,Somewhat liberal,Moderate,Somewhat conservative,Conservative,Very conservative,NULL,2
52,prepost45,"In general, how would you describe your political views?",Very liberal,Liberal,Somewhat liberal,Moderate,Somewhat conservative,Conservative,Very conservative,NULL,2
54,prepost45,"In general, how would you describe your political views?",Very liberal,Liberal,Somewhat liberal,Moderate,Somewhat conservative,Conservative,Very conservative,NULL,2
58,prepost45,"In general, how would you describe your political views?",Very liberal,Liberal,Somewhat liberal,Moderate,Somewhat conservative,Conservative,Very conservative,NULL,2
61,prepost45,"In general, how would you describe your political views?",Very liberal,Liberal,Somewhat liberal,Moderate,Somewhat conservative,Conservative,Very conservative,NULL,2
63,prepost45,"In general, how would you describe your political views?",Very liberal,Liberal,Somewhat liberal,Moderate,Somewhat conservative,Conservative,Very conservative,NULL,2
66,prepost45,"In general, how would you describe your political views?",Very liberal,Liberal,Somewhat liberal,Moderate,Somewhat conservative,Conservative,Very conservative,NULL,2
68,prepost45,"In general, how would you describe your political views?",Very liberal,Liberal,Somewhat liberal,Moderate,Somewhat conservative,Conservative,Very conservative,NULL,2
74,prepost45,"In general, how would you describe your political views?",Very liberal,Liberal,Somewhat liberal,Moderate,Somewhat conservative,Conservative,Very conservative,NULL,2
83,prepost45,"In general, how would you describe your political views?",Very liberal,Liberal,Somewhat liberal,Moderate,Somewhat conservative,Conservative,Very conservative,NULL,2
88,prepost45,"In general, how would you describe your political views?",Very liberal,Liberal,Somewhat liberal,Moderate,Somewhat conservative,Conservative,Very conservative,NULL,2
90,prepost45,"In general, how would you describe your political views?",Very liberal,Liberal,Somewhat liberal,Moderate,Somewhat conservative,Conservative,Very conservative,NULL,2
6,prepost45,"In general, how would you describe your political views?",Very liberal,Liberal,Somewhat liberal,Moderate,Somewhat conservative,Conservative,Very conservative,NULL,3
14,prepost45,"In general, how would you describe your political views?",Very liberal,Liberal,Somewhat liberal,Moderate,Somewhat conservative,Conservative,Very conservative,NULL,3
32,prepost45,"In general, how would you describe your political views?",Very liberal,Liberal,Somewhat liberal,Moderate,Somewhat conservative,Conservative,Very conservative,NULL,3
48,prepost45,"In general, how would you describe your political views?",Very liberal,Liberal,Somewhat liberal,Moderate,Somewhat conservative,Conservative,Very conservative,NULL,3
60,prepost45,"In general, how would you describe your political views?",Very liberal,Liberal,Somewhat liberal,Moderate,Somewhat conservative,Conservative,Very conservative,NULL,3
65,prepost45,"In general, how would you describe your political views?",Very liberal,Liberal,Somewhat liberal,Moderate,Somewhat conservative,Conservative,Very conservative,NULL,3
71,prepost45,"In general, how would you describe your political views?",Very liberal,Liberal,Somewhat liberal,Moderate,Somewhat conservative,Conservative,Very conservative,NULL,3
72,prepost45,"In general, how would you describe your political views?",Very liberal,Liberal,Somewhat liberal,Moderate,Somewhat conservative,Conservative,Very conservative,NULL,3
78,prepost45,"In general, how would you describe your political views?",Very liberal,Liberal,Somewhat liberal,Moderate,Somewhat conservative,Conservative,Very conservative,NULL,3
1,prepost45,"In general, how would you describe your political views?",Very liberal,Liberal,Somewhat liberal,Moderate,Somewhat conservative,Conservative,Very conservative,NULL,4
30,prepost45,"In general, how would you describe your political views?",Very liberal,Liberal,Somewhat liberal,Moderate,Somewhat conservative,Conservative,Very conservative,NULL,4
44,prepost45,"In general, how would you describe your political views?",Very liberal,Liberal,Somewhat liberal,Moderate,Somewhat conservative,Conservative,Very conservative,NULL,4
55,prepost45,"In general, how would you describe your political views?",Very liberal,Liberal,Somewhat liberal,Moderate,Somewhat conservative,Conservative,Very conservative,NULL,4
64,prepost45,"In general, how would you describe your political views?",Very liberal,Liberal,Somewhat liberal,Moderate,Somewhat conservative,Conservative,Very conservative,NULL,4
75,prepost45,"In general, how would you describe your political views?",Very liberal,Liberal,Somewhat liberal,Moderate,Somewhat conservative,Conservative,Very conservative,NULL,4
81,prepost45,"In general, how would you describe your political views?",Very liberal,Liberal,Somewhat liberal,Moderate,Somewhat conservative,Conservative,Very conservative,NULL,4
82,prepost45,"In general, how would you describe your political views?",Very liberal,Liberal,Somewhat liberal,Moderate,Somewhat conservative,Conservative,Very conservative,NULL,4
85,prepost45,"In general, how would you describe your political views?",Very liberal,Liberal,Somewhat liberal,Moderate,Somewhat conservative,Conservative,Very conservative,NULL,4
86,prepost45,"In general, how would you describe your political views?",Very liberal,Liberal,Somewhat liberal,Moderate,Somewhat conservative,Conservative,Very conservative,NULL,4
103,prepost45,"In general, how would you describe your political views?",Very liberal,Liberal,Somewhat liberal,Moderate,Somewhat conservative,Conservative,Very conservative,NULL,4
106,prepost45,"In general, how would you describe your political views?",Very liberal,Liberal,Somewhat liberal,Moderate,Somewhat conservative,Conservative,Very conservative,NULL,4
108,prepost45,"In general, how would you describe your political views?",Very liberal,Liberal,Somewhat liberal,Moderate,Somewhat conservative,Conservative,Very conservative,NULL,4
84,prepost45,"In general, how would you describe your political views?",Very liberal,Liberal,Somewhat liberal,Moderate,Somewhat conservative,Conservative,Very conservative,NULL,5
87,prepost45,"In general, how would you describe your political views?",Very liberal,Liberal,Somewhat liberal,Moderate,Somewhat conservative,Conservative,Very conservative,NULL,5
20,prepost45,"In general, how would you describe your political views?",Very liberal,Liberal,Somewhat liberal,Moderate,Somewhat conservative,Conservative,Very conservative,NULL,6
21,prepost45,"In general, how would you describe your political views?",Very liberal,Liberal,Somewhat liberal,Moderate,Somewhat conservative,Conservative,Very conservative,NULL,6
38,prepost45,"In general, how would you describe your political views?",Very liberal,Liberal,Somewhat liberal,Moderate,Somewhat conservative,Conservative,Very conservative,NULL,6
41,prepost45,"In general, how would you describe your political views?",Very liberal,Liberal,Somewhat liberal,Moderate,Somewhat conservative,Conservative,Very conservative,NULL,6
51,prepost45,"In general, how would you describe your political views?",Very liberal,Liberal,Somewhat liberal,Moderate,Somewhat conservative,Conservative,Very conservative,NULL,6
73,prepost45,"In general, how would you describe your political views?",Very liberal,Liberal,Somewhat liberal,Moderate,Somewhat conservative,Conservative,Very conservative,NULL,6
89,prepost45,"In general, how would you describe your political views?",Very liberal,Liberal,Somewhat liberal,Moderate,Somewhat conservative,Conservative,Very conservative,NULL,6
96,prepost45,"In general, how would you describe your political views?",Very liberal,Liberal,Somewhat liberal,Moderate,Somewhat conservative,Conservative,Very conservative,NULL,6
21,prepost46,"Generally speaking, do you usually think of yourself as a Republican, a Democrat, an Independent, or something else? - Selected Choice.",Republican,Democrat,Independent,Other,NULL,NULL,NULL,NULL,1
38,prepost46,"Generally speaking, do you usually think of yourself as a Republican, a Democrat, an Independent, or something else? - Selected Choice.",Republican,Democrat,Independent,Other,NULL,NULL,NULL,NULL,1
41,prepost46,"Generally speaking, do you usually think of yourself as a Republican, a Democrat, an Independent, or something else? - Selected Choice.",Republican,Democrat,Independent,Other,NULL,NULL,NULL,NULL,1
51,prepost46,"Generally speaking, do you usually think of yourself as a Republican, a Democrat, an Independent, or something else? - Selected Choice.",Republican,Democrat,Independent,Other,NULL,NULL,NULL,NULL,1
73,prepost46,"Generally speaking, do you usually think of yourself as a Republican, a Democrat, an Independent, or something else? - Selected Choice.",Republican,Democrat,Independent,Other,NULL,NULL,NULL,NULL,1
87,prepost46,"Generally speaking, do you usually think of yourself as a Republican, a Democrat, an Independent, or something else? - Selected Choice.",Republican,Democrat,Independent,Other,NULL,NULL,NULL,NULL,1
89,prepost46,"Generally speaking, do you usually think of yourself as a Republican, a Democrat, an Independent, or something else? - Selected Choice.",Republican,Democrat,Independent,Other,NULL,NULL,NULL,NULL,1
96,prepost46,"Generally speaking, do you usually think of yourself as a Republican, a Democrat, an Independent, or something else? - Selected Choice.",Republican,Democrat,Independent,Other,NULL,NULL,NULL,NULL,1
106,prepost46,"Generally speaking, do you usually think of yourself as a Republican, a Democrat, an Independent, or something else? - Selected Choice.",Republican,Democrat,Independent,Other,NULL,NULL,NULL,NULL,1
1,prepost46,"Generally speaking, do you usually think of yourself as a Republican, a Democrat, an Independent, or something else? - Selected Choice.",Republican,Democrat,Independent,Other,NULL,NULL,NULL,NULL,2
2,prepost46,"Generally speaking, do you usually think of yourself as a Republican, a Democrat, an Independent, or something else? - Selected Choice.",Republican,Democrat,Independent,Other,NULL,NULL,NULL,NULL,2
4,prepost46,"Generally speaking, do you usually think of yourself as a Republican, a Democrat, an Independent, or something else? - Selected Choice.",Republican,Democrat,Independent,Other,NULL,NULL,NULL,NULL,2
5,prepost46,"Generally speaking, do you usually think of yourself as a Republican, a Democrat, an Independent, or something else? - Selected Choice.",Republican,Democrat,Independent,Other,NULL,NULL,NULL,NULL,2
6,prepost46,"Generally speaking, do you usually think of yourself as a Republican, a Democrat, an Independent, or something else? - Selected Choice.",Republican,Democrat,Independent,Other,NULL,NULL,NULL,NULL,2
11,prepost46,"Generally speaking, do you usually think of yourself as a Republican, a Democrat, an Independent, or something else? - Selected Choice.",Republican,Democrat,Independent,Other,NULL,NULL,NULL,NULL,2
14,prepost46,"Generally speaking, do you usually think of yourself as a Republican, a Democrat, an Independent, or something else? - Selected Choice.",Republican,Democrat,Independent,Other,NULL,NULL,NULL,NULL,2
15,prepost46,"Generally speaking, do you usually think of yourself as a Republican, a Democrat, an Independent, or something else? - Selected Choice.",Republican,Democrat,Independent,Other,NULL,NULL,NULL,NULL,2
23,prepost46,"Generally speaking, do you usually think of yourself as a Republican, a Democrat, an Independent, or something else? - Selected Choice.",Republican,Democrat,Independent,Other,NULL,NULL,NULL,NULL,2
24,prepost46,"Generally speaking, do you usually think of yourself as a Republican, a Democrat, an Independent, or something else? - Selected Choice.",Republican,Democrat,Independent,Other,NULL,NULL,NULL,NULL,2
25,prepost46,"Generally speaking, do you usually think of yourself as a Republican, a Democrat, an Independent, or something else? - Selected Choice.",Republican,Democrat,Independent,Other,NULL,NULL,NULL,NULL,2
26,prepost46,"Generally speaking, do you usually think of yourself as a Republican, a Democrat, an Independent, or something else? - Selected Choice.",Republican,Democrat,Independent,Other,NULL,NULL,NULL,NULL,2
28,prepost46,"Generally speaking, do you usually think of yourself as a Republican, a Democrat, an Independent, or something else? - Selected Choice.",Republican,Democrat,Independent,Other,NULL,NULL,NULL,NULL,2
31,prepost46,"Generally speaking, do you usually think of yourself as a Republican, a Democrat, an Independent, or something else? - Selected Choice.",Republican,Democrat,Independent,Other,NULL,NULL,NULL,NULL,2
32,prepost46,"Generally speaking, do you usually think of yourself as a Republican, a Democrat, an Independent, or something else? - Selected Choice.",Republican,Democrat,Independent,Other,NULL,NULL,NULL,NULL,2
34,prepost46,"Generally speaking, do you usually think of yourself as a Republican, a Democrat, an Independent, or something else? - Selected Choice.",Republican,Democrat,Independent,Other,NULL,NULL,NULL,NULL,2
35,prepost46,"Generally speaking, do you usually think of yourself as a Republican, a Democrat, an Independent, or something else? - Selected Choice.",Republican,Democrat,Independent,Other,NULL,NULL,NULL,NULL,2
36,prepost46,"Generally speaking, do you usually think of yourself as a Republican, a Democrat, an Independent, or something else? - Selected Choice.",Republican,Democrat,Independent,Other,NULL,NULL,NULL,NULL,2
37,prepost46,"Generally speaking, do you usually think of yourself as a Republican, a Democrat, an Independent, or something else? - Selected Choice.",Republican,Democrat,Independent,Other,NULL,NULL,NULL,NULL,2
43,prepost46,"Generally speaking, do you usually think of yourself as a Republican, a Democrat, an Independent, or something else? - Selected Choice.",Republican,Democrat,Independent,Other,NULL,NULL,NULL,NULL,2
45,prepost46,"Generally speaking, do you usually think of yourself as a Republican, a Democrat, an Independent, or something else? - Selected Choice.",Republican,Democrat,Independent,Other,NULL,NULL,NULL,NULL,2
46,prepost46,"Generally speaking, do you usually think of yourself as a Republican, a Democrat, an Independent, or something else? - Selected Choice.",Republican,Democrat,Independent,Other,NULL,NULL,NULL,NULL,2
47,prepost46,"Generally speaking, do you usually think of yourself as a Republican, a Democrat, an Independent, or something else? - Selected Choice.",Republican,Democrat,Independent,Other,NULL,NULL,NULL,NULL,2
52,prepost46,"Generally speaking, do you usually think of yourself as a Republican, a Democrat, an Independent, or something else? - Selected Choice.",Republican,Democrat,Independent,Other,NULL,NULL,NULL,NULL,2
53,prepost46,"Generally speaking, do you usually think of yourself as a Republican, a Democrat, an Independent, or something else? - Selected Choice.",Republican,Democrat,Independent,Other,NULL,NULL,NULL,NULL,2
57,prepost46,"Generally speaking, do you usually think of yourself as a Republican, a Democrat, an Independent, or something else? - Selected Choice.",Republican,Democrat,Independent,Other,NULL,NULL,NULL,NULL,2
58,prepost46,"Generally speaking, do you usually think of yourself as a Republican, a Democrat, an Independent, or something else? - Selected Choice.",Republican,Democrat,Independent,Other,NULL,NULL,NULL,NULL,2
63,prepost46,"Generally speaking, do you usually think of yourself as a Republican, a Democrat, an Independent, or something else? - Selected Choice.",Republican,Democrat,Independent,Other,NULL,NULL,NULL,NULL,2
67,prepost46,"Generally speaking, do you usually think of yourself as a Republican, a Democrat, an Independent, or something else? - Selected Choice.",Republican,Democrat,Independent,Other,NULL,NULL,NULL,NULL,2
71,prepost46,"Generally speaking, do you usually think of yourself as a Republican, a Democrat, an Independent, or something else? - Selected Choice.",Republican,Democrat,Independent,Other,NULL,NULL,NULL,NULL,2
72,prepost46,"Generally speaking, do you usually think of yourself as a Republican, a Democrat, an Independent, or something else? - Selected Choice.",Republican,Democrat,Independent,Other,NULL,NULL,NULL,NULL,2
88,prepost46,"Generally speaking, do you usually think of yourself as a Republican, a Democrat, an Independent, or something else? - Selected Choice.",Republican,Democrat,Independent,Other,NULL,NULL,NULL,NULL,2
90,prepost46,"Generally speaking, do you usually think of yourself as a Republican, a Democrat, an Independent, or something else? - Selected Choice.",Republican,Democrat,Independent,Other,NULL,NULL,NULL,NULL,2
30,prepost46,"Generally speaking, do you usually think of yourself as a Republican, a Democrat, an Independent, or something else? - Selected Choice.",Republican,Democrat,Independent,Other,NULL,NULL,NULL,NULL,3
33,prepost46,"Generally speaking, do you usually think of yourself as a Republican, a Democrat, an Independent, or something else? - Selected Choice.",Republican,Democrat,Independent,Other,NULL,NULL,NULL,NULL,3
40,prepost46,"Generally speaking, do you usually think of yourself as a Republican, a Democrat, an Independent, or something else? - Selected Choice.",Republican,Democrat,Independent,Other,NULL,NULL,NULL,NULL,3
44,prepost46,"Generally speaking, do you usually think of yourself as a Republican, a Democrat, an Independent, or something else? - Selected Choice.",Republican,Democrat,Independent,Other,NULL,NULL,NULL,NULL,3
48,prepost46,"Generally speaking, do you usually think of yourself as a Republican, a Democrat, an Independent, or something else? - Selected Choice.",Republican,Democrat,Independent,Other,NULL,NULL,NULL,NULL,3
49,prepost46,"Generally speaking, do you usually think of yourself as a Republican, a Democrat, an Independent, or something else? - Selected Choice.",Republican,Democrat,Independent,Other,NULL,NULL,NULL,NULL,3
60,prepost46,"Generally speaking, do you usually think of yourself as a Republican, a Democrat, an Independent, or something else? - Selected Choice.",Republican,Democrat,Independent,Other,NULL,NULL,NULL,NULL,3
61,prepost46,"Generally speaking, do you usually think of yourself as a Republican, a Democrat, an Independent, or something else? - Selected Choice.",Republican,Democrat,Independent,Other,NULL,NULL,NULL,NULL,3
64,prepost46,"Generally speaking, do you usually think of yourself as a Republican, a Democrat, an Independent, or something else? - Selected Choice.",Republican,Democrat,Independent,Other,NULL,NULL,NULL,NULL,3
65,prepost46,"Generally speaking, do you usually think of yourself as a Republican, a Democrat, an Independent, or something else? - Selected Choice.",Republican,Democrat,Independent,Other,NULL,NULL,NULL,NULL,3
66,prepost46,"Generally speaking, do you usually think of yourself as a Republican, a Democrat, an Independent, or something else? - Selected Choice.",Republican,Democrat,Independent,Other,NULL,NULL,NULL,NULL,3
68,prepost46,"Generally speaking, do you usually think of yourself as a Republican, a Democrat, an Independent, or something else? - Selected Choice.",Republican,Democrat,Independent,Other,NULL,NULL,NULL,NULL,3
78,prepost46,"Generally speaking, do you usually think of yourself as a Republican, a Democrat, an Independent, or something else? - Selected Choice.",Republican,Democrat,Independent,Other,NULL,NULL,NULL,NULL,3
81,prepost46,"Generally speaking, do you usually think of yourself as a Republican, a Democrat, an Independent, or something else? - Selected Choice.",Republican,Democrat,Independent,Other,NULL,NULL,NULL,NULL,3
82,prepost46,"Generally speaking, do you usually think of yourself as a Republican, a Democrat, an Independent, or something else? - Selected Choice.",Republican,Democrat,Independent,Other,NULL,NULL,NULL,NULL,3
84,prepost46,"Generally speaking, do you usually think of yourself as a Republican, a Democrat, an Independent, or something else? - Selected Choice.",Republican,Democrat,Independent,Other,NULL,NULL,NULL,NULL,3
85,prepost46,"Generally speaking, do you usually think of yourself as a Republican, a Democrat, an Independent, or something else? - Selected Choice.",Republican,Democrat,Independent,Other,NULL,NULL,NULL,NULL,3
86,prepost46,"Generally speaking, do you usually think of yourself as a Republican, a Democrat, an Independent, or something else? - Selected Choice.",Republican,Democrat,Independent,Other,NULL,NULL,NULL,NULL,3
103,prepost46,"Generally speaking, do you usually think of yourself as a Republican, a Democrat, an Independent, or something else? - Selected Choice.",Republican,Democrat,Independent,Other,NULL,NULL,NULL,NULL,3
108,prepost46,"Generally speaking, do you usually think of yourself as a Republican, a Democrat, an Independent, or something else? - Selected Choice.",Republican,Democrat,Independent,Other,NULL,NULL,NULL,NULL,3
20,prepost46,"Generally speaking, do you usually think of yourself as a Republican, a Democrat, an Independent, or something else? - Selected Choice.",Republican,Democrat,Independent,Other,NULL,NULL,NULL,NULL,4
54,prepost46,"Generally speaking, do you usually think of yourself as a Republican, a Democrat, an Independent, or something else? - Selected Choice.",Republican,Democrat,Independent,Other,NULL,NULL,NULL,NULL,4
55,prepost46,"Generally speaking, do you usually think of yourself as a Republican, a Democrat, an Independent, or something else? - Selected Choice.",Republican,Democrat,Independent,Other,NULL,NULL,NULL,NULL,4
74,prepost46,"Generally speaking, do you usually think of yourself as a Republican, a Democrat, an Independent, or something else? - Selected Choice.",Republican,Democrat,Independent,Other,NULL,NULL,NULL,NULL,4
75,prepost46,"Generally speaking, do you usually think of yourself as a Republican, a Democrat, an Independent, or something else? - Selected Choice.",Republican,Democrat,Independent,Other,NULL,NULL,NULL,NULL,4